"Site Crawled","https://vacationdeals.to/"
"Start Date","2026-04-21"
"Start Time","21:14:51"
"Last Modified Date","2026-04-21"
"Last Modified Time","21:17:26"
"Elapsed","00:02:33"
"Report Date","2026-04-21"
"Report Time","21:18:09"
""
"Summary","URLs","% of Total","Total URLs","Total URLs Description"
"Total URLs Encountered","1513","100.00%","1513","URLs Encountered"
"Total URLs Crawled","1513","100.00%","1513","URLs Encountered"
"Total Internal blocked by robots.txt","0","0.00%","1513","URLs Encountered"
"Total External blocked by robots.txt","0","0.00%","1513","URLs Encountered"
""
"URLs Displayed","1513","100.00%","1513","URLs Displayed"
"Total Internal URLs","1508","99.67%","1513","URLs Displayed"
"Total External URLs","5","0.33%","1513","URLs Displayed"
"Total Internal Indexable URLs","1403","92.73%","1513","URLs Displayed"
"Total Internal Non-Indexable URLs","105","6.94%","1513","URLs Displayed"
""
"Internal"
"All","1508","100.00%","1508","Internal URLs"
"HTML","1478","98.01%","1508","Internal URLs"
"JavaScript","29","1.92%","1508","Internal URLs"
"CSS","1","0.07%","1508","Internal URLs"
"Images","0","0.00%","1508","Internal URLs"
"Media","0","0.00%","1508","Internal URLs"
"Fonts","0","0.00%","1508","Internal URLs"
"XML","0","0.00%","1508","Internal URLs"
"PDF","0","0.00%","1508","Internal URLs"
"Plugins","0","0.00%","1508","Internal URLs"
"Other","0","0.00%","1508","Internal URLs"
"Unknown","0","0.00%","1508","Internal URLs"
""
"External"
"All","5","100.00%","5","External URLs"
"HTML","3","60.00%","5","External URLs"
"JavaScript","0","0.00%","5","External URLs"
"CSS","0","0.00%","5","External URLs"
"Images","0","0.00%","5","External URLs"
"Media","0","0.00%","5","External URLs"
"Fonts","0","0.00%","5","External URLs"
"XML","0","0.00%","5","External URLs"
"PDF","0","0.00%","5","External URLs"
"Plugins","0","0.00%","5","External URLs"
"Other","2","40.00%","5","External URLs"
"Unknown","0","0.00%","5","External URLs"
""
"Security"
"All","1508","100.00%","1508","All internal and non-HTML external URLs"
"HTTP URLs","0","0.00%","1508","All internal and non-HTML external URLs"
"HTTPS URLs","1508","100.00%","1508","All internal and non-HTML external URLs"
"Mixed Content","0","0.00%","1508","All internal and non-HTML external URLs"
"Form URL Insecure","0","0.00%","1508","All internal and non-HTML external URLs"
"Form on HTTP URL","0","0.00%","1508","All internal and non-HTML external URLs"
"Unsafe Cross-Origin Links","0","0.00%","1508","All internal and non-HTML external URLs"
"Protocol-Relative Resource Links","0","0.00%","1508","All internal and non-HTML external URLs"
"Missing HSTS Header","1474","97.75%","1508","All internal and non-HTML external URLs"
"Missing Content-Security-Policy Header","1474","97.75%","1508","All internal and non-HTML external URLs"
"Missing X-Content-Type-Options Header","1474","97.75%","1508","All internal and non-HTML external URLs"
"Missing X-Frame-Options Header","1474","97.75%","1508","All internal and non-HTML external URLs"
"Missing Secure Referrer-Policy Header","1474","97.75%","1508","All internal and non-HTML external URLs"
"Bad Content Type","0","0.00%","1508","All internal and non-HTML external URLs"
""
"Response Codes"
"All","1513","100.00%","1513","All Internal & External Crawled URLs"
"Blocked by Robots.txt","0","0.00%","1513","All Internal & External Crawled URLs"
"Blocked Resource","0","0.00%","1513","All Internal & External Crawled URLs"
"No Response","0","0.00%","1513","All Internal & External Crawled URLs"
"Success (2xx)","1476","97.55%","1513","All Internal & External Crawled URLs"
"Redirection (3xx)","33","2.18%","1513","All Internal & External Crawled URLs"
"Redirection (JavaScript)","0","0.00%","1513","All Internal & External Crawled URLs"
"Redirection (Meta Refresh)","0","0.00%","1513","All Internal & External Crawled URLs"
"Redirection (HTTP Refresh)","0","0.00%","1513","All Internal & External Crawled URLs"
"Client Error (4xx)","4","0.26%","1513","All Internal & External Crawled URLs"
"Server Error (5xx)","0","0.00%","1513","All Internal & External Crawled URLs"
"Internal All","1508","99.67%","1513","All Internal Crawled URLs"
"Internal Blocked by Robots.txt","0","0.00%","1513","All Internal Crawled URLs"
"Internal Blocked Resource","0","0.00%","1513","All Internal Crawled URLs"
"Internal No Response","0","0.00%","1513","All Internal Crawled URLs"
"Internal Success (2xx)","1474","97.42%","1513","All Internal Crawled URLs"
"Internal Redirection (3xx)","30","1.98%","1513","All Internal Crawled URLs"
"Internal Redirection (JavaScript)","0","0.00%","1513","All Internal Crawled URLs"
"Internal Redirection (Meta Refresh)","0","0.00%","1513","All Internal Crawled URLs"
"Internal Redirection (HTTP Refresh)","0","0.00%","1513","All Internal Crawled URLs"
"Internal Redirect Chain","0","0.00%","1513","All Internal Crawled URLs"
"Internal Redirect Loop","0","0.00%","1513","All Internal Crawled URLs"
"Internal Client Error (4xx)","4","0.26%","1513","All Internal Crawled URLs"
"Internal Server Error (5xx)","0","0.00%","1513","All Internal Crawled URLs"
"External All","5","0.33%","1513","All External Crawled URLs"
"External Blocked by Robots.txt","0","0.00%","1513","All External Crawled URLs"
"External Blocked Resource","0","0.00%","1513","All External Crawled URLs"
"External No Response","0","0.00%","1513","All External Crawled URLs"
"External Success (2xx)","2","0.13%","1513","All External Crawled URLs"
"External Redirection (3xx)","3","0.20%","1513","All External Crawled URLs"
"External Redirection (JavaScript)","0","0.00%","1513","All External Crawled URLs"
"External Redirection (Meta Refresh)","0","0.00%","1513","All External Crawled URLs"
"External Redirection (HTTP Refresh)","0","0.00%","1513","All External Crawled URLs"
"External Client Error (4xx)","0","0.00%","1513","All External Crawled URLs"
"External Server Error (5xx)","0","0.00%","1513","All External Crawled URLs"
""
"URL"
"All","1508","100.00%","1508","Internal URLs"
"Non ASCII Characters","0","0.00%","1508","Internal URLs"
"Underscores","0","0.00%","1508","Internal URLs"
"Uppercase","0","0.00%","1508","Internal URLs"
"Multiple Slashes","0","0.00%","1508","Internal URLs"
"Repetitive Path","0","0.00%","1508","Internal URLs"
"Contains Space","0","0.00%","1508","Internal URLs"
"Internal Search","0","0.00%","1508","Internal URLs"
"Parameters","71","4.71%","1508","Internal URLs"
"Broken Bookmark","0","0.00%","1508","Internal URLs"
"GA Tracking Parameters","0","0.00%","1508","Internal URLs"
"Over 115 Characters","0","0.00%","1508","Internal URLs"
""
"Page Titles"
"All","1444","100.00%","1444","Internal HTML pages with 2xx response"
"Missing","0","0.00%","1444","Internal HTML pages with 2xx response"
"Duplicate","7","0.48%","1444","Internal HTML pages with 2xx response"
"Over 60 Characters","1193","82.62%","1444","Internal HTML pages with 2xx response"
"Below 30 Characters","0","0.00%","1444","Internal HTML pages with 2xx response"
"Over 561 Pixels","1143","79.16%","1444","Internal HTML pages with 2xx response"
"Below 200 Pixels","0","0.00%","1444","Internal HTML pages with 2xx response"
"Same as H1","0","0.00%","1444","Internal HTML pages with 2xx response"
"Multiple","0","0.00%","1444","Internal HTML pages with 2xx response"
"Outside <head>","31","2.15%","1444","Internal HTML pages with 2xx response"
""
"Meta Description"
"All","1444","100.00%","1444","Internal HTML pages with 2xx response"
"Missing","0","0.00%","1444","Internal HTML pages with 2xx response"
"Duplicate","0","0.00%","1444","Internal HTML pages with 2xx response"
"Over 155 Characters","394","27.29%","1444","Internal HTML pages with 2xx response"
"Below 70 Characters","0","0.00%","1444","Internal HTML pages with 2xx response"
"Over 985 Pixels","340","23.55%","1444","Internal HTML pages with 2xx response"
"Below 400 Pixels","0","0.00%","1444","Internal HTML pages with 2xx response"
"Multiple","0","0.00%","1444","Internal HTML pages with 2xx response"
"Outside <head>","31","2.15%","1444","Internal HTML pages with 2xx response"
""
"Meta Keywords"
"All","1444","100.00%","1444","Internal HTML pages with 2xx response"
"Missing","1373","95.08%","1444","Internal HTML pages with 2xx response"
"Duplicate","0","0.00%","1444","Internal HTML pages with 2xx response"
"Multiple","0","0.00%","1444","Internal HTML pages with 2xx response"
""
"H1"
"All","1444","100.00%","1444","Internal HTML pages with 2xx response"
"Missing","0","0.00%","1444","Internal HTML pages with 2xx response"
"Duplicate","52","3.60%","1444","Internal HTML pages with 2xx response"
"Over 70 Characters","76","5.26%","1444","Internal HTML pages with 2xx response"
"Multiple","0","0.00%","1444","Internal HTML pages with 2xx response"
"Alt Text in H1","0","0.00%","1444","Internal HTML pages with 2xx response"
"Non-Sequential","546","37.81%","1444","Internal HTML pages with 2xx response"
""
"H2"
"All","1444","100.00%","1444","Internal HTML pages with 2xx response"
"Missing","1","0.07%","1444","Internal HTML pages with 2xx response"
"Duplicate","1363","94.39%","1444","Internal HTML pages with 2xx response"
"Over 70 Characters","7","0.48%","1444","Internal HTML pages with 2xx response"
"Multiple","1355","93.84%","1444","Internal HTML pages with 2xx response"
"Non-Sequential","393","27.22%","1444","Internal HTML pages with 2xx response"
""
"Content"
"All","1444","100.00%","1444","Internal HTML pages with 2xx response"
"Exact Duplicates","0","0.00%","1444","Internal HTML pages with 2xx response"
"Near Duplicates","0","0.00%","1444","Internal HTML pages with 2xx response"
"Semantically Similar","0","0.00%","1444","Internal HTML pages with 2xx response"
"Low Relevance Content","0","0.00%","1444","Internal HTML pages with 2xx response"
"Low Content Pages","4","0.28%","1444","Internal HTML pages with 2xx response"
"Soft 404 Pages","0","0.00%","1444","Internal HTML pages with 2xx response"
"Spelling Errors","0","0.00%","1444","Internal HTML pages with 2xx response"
"Grammar Errors","0","0.00%","1444","Internal HTML pages with 2xx response"
"Readability Difficult","1","0.07%","1444","Internal HTML pages with 2xx response"
"Readability Very Difficult","0","0.00%","1444","Internal HTML pages with 2xx response"
"Lorem Ipsum Placeholder","0","0.00%","1444","Internal HTML pages with 2xx response"
""
"Images"
"All","0","0.00%","0","Images with 2xx response"
"Over 100 KB","0","0.00%","0","Images with 2xx response"
"Missing Alt Text","0","0.00%","0","Images with 2xx response"
"Missing Alt Attribute","0","0.00%","0","Images with 2xx response"
"Alt Text Over 100 Characters","0","0.00%","0","Images with 2xx response"
"Background Images","0","0.00%","0","Images with 2xx response"
"Incorrectly Sized Images","0","0.00%","0","Images with 2xx response"
"Missing Size Attributes","0","0.00%","0","Images with 2xx response"
""
"Canonicals"
"All","1444","100.00%","1444","Internal HTML or PDF pages with 2xx response"
"Contains Canonical","1413","97.85%","1444","Internal HTML or PDF pages with 2xx response"
"Self Referencing","1342","92.94%","1444","Internal HTML or PDF pages with 2xx response"
"Canonicalised","71","4.92%","1444","Internal HTML or PDF pages with 2xx response"
"Missing","31","2.15%","1444","Internal HTML or PDF pages with 2xx response"
"Multiple","0","0.00%","1444","Internal HTML or PDF pages with 2xx response"
"Multiple Conflicting","0","0.00%","1444","Internal HTML or PDF pages with 2xx response"
"Non-Indexable Canonical","0","0.00%","1444","Internal HTML or PDF pages with 2xx response"
"Canonical Is Relative","0","0.00%","1444","Internal HTML or PDF pages with 2xx response"
"Unlinked","0","0.00%","1444","Internal HTML or PDF pages with 2xx response"
"Invalid Attribute In Annotation","0","0.00%","1444","Internal HTML or PDF pages with 2xx response"
"Contains Fragment URL","0","0.00%","1444","Internal HTML or PDF pages with 2xx response"
"Outside <head>","31","2.15%","1444","Internal HTML or PDF pages with 2xx response"
""
"Pagination"
"All","1444","100.00%","1444","Internal HTML pages with 2xx response"
"Contains Pagination","0","0.00%","1444","Internal HTML pages with 2xx response"
"First Page","0","0.00%","1444","Internal HTML pages with 2xx response"
"Paginated 2+ Pages","0","0.00%","1444","Internal HTML pages with 2xx response"
"Pagination URL Not in Anchor Tag","0","0.00%","1444","Internal HTML pages with 2xx response"
"Non-200 Pagination URLs","0","0.00%","1444","Internal HTML pages with 2xx response"
"Unlinked Pagination URLs","0","0.00%","1444","Internal HTML pages with 2xx response"
"Non-Indexable","0","0.00%","1444","Internal HTML pages with 2xx response"
"Multiple Pagination URLs","0","0.00%","1444","Internal HTML pages with 2xx response"
"Pagination Loop","0","0.00%","1444","Internal HTML pages with 2xx response"
"Sequence Error","0","0.00%","1444","Internal HTML pages with 2xx response"
""
"Directives"
"All","1474","100.00%","1474","Internal URLs with 2xx response"
"Index","1444","97.96%","1474","Internal URLs with 2xx response"
"Noindex","0","0.00%","1474","Internal URLs with 2xx response"
"Follow","1444","97.96%","1474","Internal URLs with 2xx response"
"Nofollow","0","0.00%","1474","Internal URLs with 2xx response"
"None","0","0.00%","1474","Internal URLs with 2xx response"
"NoArchive","0","0.00%","1474","Internal URLs with 2xx response"
"NoSnippet","0","0.00%","1474","Internal URLs with 2xx response"
"Max-Snippet","0","0.00%","1474","Internal URLs with 2xx response"
"Max-Image-Preview","0","0.00%","1474","Internal URLs with 2xx response"
"Max-Video-Preview","0","0.00%","1474","Internal URLs with 2xx response"
"NoODP","0","0.00%","1474","Internal URLs with 2xx response"
"NoYDIR","0","0.00%","1474","Internal URLs with 2xx response"
"NoImageIndex","0","0.00%","1474","Internal URLs with 2xx response"
"NoTranslate","0","0.00%","1474","Internal URLs with 2xx response"
"Unavailable_After","0","0.00%","1474","Internal URLs with 2xx response"
"Refresh","0","0.00%","1478","Internal HTML pages with 2xx response"
"Outside <head>","31","2.10%","1474","Internal URLs with 2xx response"
""
"Hreflang"
"All","1444","100.00%","1444","Internal pages with 2xx response"
"Contains hreflang","0","0.00%","1444","Internal pages with 2xx response"
"Non-200 hreflang URLs","0","0.00%","1444","Internal pages with 2xx response"
"Unlinked hreflang URLs","0","0.00%","1444","Internal pages with 2xx response"
"Missing Return Links","0","0.00%","1444","Internal pages with 2xx response"
"Inconsistent Language & Region Return Links","0","0.00%","1444","Internal pages with 2xx response"
"Non-Canonical Return Links","0","0.00%","1444","Internal pages with 2xx response"
"Noindex Return Links","0","0.00%","1444","Internal pages with 2xx response"
"Incorrect Language & Region Codes","0","0.00%","1444","Internal pages with 2xx response"
"Multiple Entries","0","0.00%","1444","Internal pages with 2xx response"
"Missing Self Reference","0","0.00%","1444","Internal pages with 2xx response"
"Not Using Canonical","0","0.00%","1444","Internal pages with 2xx response"
"Missing X-Default","0","0.00%","1444","Internal pages with 2xx response"
"Missing","0","0.00%","1444","Internal pages with 2xx response"
"Outside <head>","0","0.00%","1444","Internal pages with 2xx response"
""
"JavaScript"
"All","1444","100.00%","1444","Internal HTML pages with 2xx response"
"Pages with Blocked Resources","0","0.00%","1444","Internal HTML pages with 2xx response"
"Contains JavaScript Links","0","0.00%","1444","Internal HTML pages with 2xx response"
"Contains JavaScript Content","0","0.00%","1444","Internal HTML pages with 2xx response"
"Noindex Only in Original HTML","0","0.00%","1444","Internal HTML pages with 2xx response"
"Nofollow Only in Original HTML","0","0.00%","1444","Internal HTML pages with 2xx response"
"Canonical Only in Rendered HTML","0","0.00%","1444","Internal HTML pages with 2xx response"
"Canonical Mismatch","0","0.00%","1444","Internal HTML pages with 2xx response"
"Page Title Only in Rendered HTML","0","0.00%","1444","Internal HTML pages with 2xx response"
"Page Title Updated by JavaScript","0","0.00%","1444","Internal HTML pages with 2xx response"
"Meta Description Only in Rendered HTML","0","0.00%","1444","Internal HTML pages with 2xx response"
"Meta Description Updated by JavaScript","0","0.00%","1444","Internal HTML pages with 2xx response"
"H1 Only in Rendered HTML","0","0.00%","1444","Internal HTML pages with 2xx response"
"H1 Updated by JavaScript","0","0.00%","1444","Internal HTML pages with 2xx response"
"Uses Old AJAX Crawling Scheme URLs","0","0.00%","1444","Internal HTML pages with 2xx response"
"Uses Old AJAX Crawling Scheme Meta Fragment Tag","0","0.00%","1444","Internal HTML pages with 2xx response"
"Pages with JavaScript Errors","0","0.00%","1444","Internal HTML pages with 2xx response"
"Pages with JavaScript Warnings","0","0.00%","1444","Internal HTML pages with 2xx response"
"Pages with Chrome Issues","0","0.00%","1444","Internal HTML pages with 2xx response"
""
"Links"
"All","1444","100.00%","1444","Internal HTML pages with 2xx response"
"Pages With High Crawl Depth","0","0.00%","1444","Internal HTML pages with 2xx response"
"Pages Without Internal Outlinks","0","0.00%","1444","Internal HTML pages with 2xx response"
"Internal Nofollow Outlinks","0","0.00%","1444","Internal HTML pages with 2xx response"
"Internal Outlinks With No Anchor Text","0","0.00%","1444","Internal HTML pages with 2xx response"
"Non-Descriptive Anchor Text In Internal Outlinks","0","0.00%","1444","Internal HTML pages with 2xx response"
"Pages With High External Outlinks","0","0.00%","1444","Internal HTML pages with 2xx response"
"Pages With High Internal Outlinks","0","0.00%","1444","Internal HTML pages with 2xx response"
"Follow & Nofollow Internal Inlinks To Page","0","0.00%","1444","Internal HTML pages with 2xx response"
"Internal Nofollow Inlinks Only","0","0.00%","1444","Internal HTML pages with 2xx response"
"Outlinks To Localhost","0","0.00%","1444","Internal HTML pages with 2xx response"
"Non-Indexable Page Inlinks Only","0","0.00%","1444","Internal HTML pages with 2xx response"
""
"AMP"
"All","0","0.00%","0","Internal AMP URLs"
"Non-200 Response","0","0.00%","1478","Internal HTML URLs"
"Missing Non-AMP Return Link","0","0.00%","0","Internal AMP URLs"
"Missing Canonical to Non-AMP","0","0.00%","0","Internal AMP URLs"
"Non-Indexable Canonical","0","0.00%","0","Internal AMP URLs"
"Indexable","0","0.00%","0","Internal AMP URLs"
"Non-Indexable","0","0.00%","0","Internal AMP URLs"
"Missing <html amp> Tag","0","0.00%","1478","Internal HTML URLs"
"Missing/Invalid <!doctype html> Tag","0","0.00%","0","Internal AMP URLs"
"Missing <head> Tag","0","0.00%","0","Internal AMP URLs"
"Missing <body> Tag","0","0.00%","0","Internal AMP URLs"
"Missing Canonical","0","0.00%","0","Internal AMP URLs"
"Missing/Invalid <meta charset> Tag","0","0.00%","0","Internal AMP URLs"
"Missing/Invalid <meta viewport> Tag","0","0.00%","0","Internal AMP URLs"
"Missing/Invalid AMP Script","0","0.00%","0","Internal AMP URLs"
"Missing/Invalid AMP Boilerplate","0","0.00%","0","Internal AMP URLs"
"Contains Disallowed HTML","0","0.00%","0","Internal AMP URLs"
"Other Validation Errors","0","0.00%","0","Internal AMP URLs"
""
"Structured Data"
"All","1444","100.00%","1444","Internal HTML pages with 2xx response"
"Contains Structured Data","0","0.00%","1444","Internal HTML pages with 2xx response"
"Missing","0","0.00%","1444","Internal HTML pages with 2xx response"
"Validation Errors","0","0.00%","1444","Internal HTML pages with 2xx response"
"Validation Warnings","0","0.00%","1444","Internal HTML pages with 2xx response"
"Rich Result Validation Errors","0","0.00%","1444","Internal HTML pages with 2xx response"
"Rich Result Validation Warnings","0","0.00%","1444","Internal HTML pages with 2xx response"
"Parse Errors","0","0.00%","1444","Internal HTML pages with 2xx response"
"Microdata URLs","0","0.00%","1444","Internal HTML pages with 2xx response"
"JSON-LD URLs","0","0.00%","1444","Internal HTML pages with 2xx response"
"RDFa URLs","0","0.00%","1444","Internal HTML pages with 2xx response"
"Rich Result Feature Detected","0","0.00%","1444","Internal HTML pages with 2xx response"
""
"Sitemaps"
"All","1478","100.00%","1478","Internal HTML/XML pages"
"URLs in Sitemap","0","0.00%","1478","Internal HTML/XML pages"
"URLs not in Sitemap","0","0.00%","1478","Internal HTML/XML pages"
"Orphan URLs","0","0.00%","1478","Internal HTML/XML pages"
"Non-Indexable URLs in Sitemap","0","0.00%","1478","Internal HTML/XML pages"
"URLs in Multiple Sitemaps","0","0.00%","1478","Internal HTML/XML pages"
"XML Sitemap with over 50k URLs","0","0.00%","1478","Internal HTML/XML pages"
"XML Sitemap over 50MB","0","0.00%","1478","Internal HTML/XML pages"
""
"PageSpeed"
"All","1444","100.00%","1444","Internal HTML URLs with 2xx response"
"Document Request Latency","0","0.00%","1444","Internal HTML URLs with 2xx response"
"LCP Request Discovery","0","0.00%","1444","Internal HTML URLs with 2xx response"
"Render Blocking Requests","0","0.00%","1444","Internal HTML URLs with 2xx response"
"Network Dependency Tree","0","0.00%","1444","Internal HTML URLs with 2xx response"
"Use Efficient Cache Lifetimes","0","0.00%","1444","Internal HTML URLs with 2xx response"
"Layout Shift Culprits","0","0.00%","1444","Internal HTML URLs with 2xx response"
"Optimize DOM Size","0","0.00%","1444","Internal HTML URLs with 2xx response"
"Improve Image Delivery","0","0.00%","1444","Internal HTML URLs with 2xx response"
"Forced Reflow","0","0.00%","1444","Internal HTML URLs with 2xx response"
"Legacy JavaScript","0","0.00%","1444","Internal HTML URLs with 2xx response"
"Duplicated JavaScript","0","0.00%","1444","Internal HTML URLs with 2xx response"
"Font Display","0","0.00%","1444","Internal HTML URLs with 2xx response"
"Avoid Enormous Network Payloads","0","0.00%","1444","Internal HTML URLs with 2xx response"
"Minify CSS","0","0.00%","1444","Internal HTML URLs with 2xx response"
"Minify JavaScript","0","0.00%","1444","Internal HTML URLs with 2xx response"
"Reduce Unused CSS","0","0.00%","1444","Internal HTML URLs with 2xx response"
"Reduce Unused JavaScript","0","0.00%","1444","Internal HTML URLs with 2xx response"
"Reduce JavaScript Execution Time","0","0.00%","1444","Internal HTML URLs with 2xx response"
"Minimize Main-Thread Work","0","0.00%","1444","Internal HTML URLs with 2xx response"
"Request Errors","0","0.00%","1444","Internal HTML URLs with 2xx response"
""
"Mobile"
"All","1444","100.00%","1444",""
"Viewport Not Set","0","0.00%","1444",""
"Target Size","0","0.00%","1444",""
"Content Not Sized Correctly","0","0.00%","1444",""
"Illegible Font Size","0","0.00%","1444",""
"Contains Unsupported Plugins","0","0.00%","1444",""
"Mobile Alternate Link","0","0.00%","1444",""
""
"Accessibility"
"All","1444","100.00%","1444",""
"Accessibility Score Poor","0","0.00%","1444",""
"Accessibility Score Needs Improvement","0","0.00%","1444",""
"Accessibility Score Good","0","0.00%","1444",""
"WCAG 2.0 A Violation","0","0.00%","1444",""
"WCAG 2.0 AA Violation","0","0.00%","1444",""
"WCAG 2.0 AAA Violation","0","0.00%","1444",""
"WCAG 2.1 AA Violation","0","0.00%","1444",""
"WCAG 2.2 AA Violation","0","0.00%","1444",""
"Best Practice Violation","0","0.00%","1444",""
"Accesskey Attribute Value Must Be Unique","0","0.00%","1444",""
"Ensure Elements Marked Presentational Are Ignored","0","0.00%","1444",""
"Elements Must Not Have Tabindex Greater Than Zero","0","0.00%","1444",""
"Scrollable Region Requires Keyboard Access","0","0.00%","1444",""
"Skip-link Target Should Exist & Be Focusable","0","0.00%","1444",""
"Required ARIA Attributes Must Be Provided","0","0.00%","1444",""
"Role=text Should Have No Focusable Descendants","0","0.00%","1444",""
"ARIA Attribute Must Be Used As Specified For Role","0","0.00%","1444",""
"ARIA Attributes Require Valid Values","0","0.00%","1444",""
"ARIA Attributes Require Valid Names","0","0.00%","1444",""
"ARIA Commands Require Accessible Name","0","0.00%","1444",""
"ARIA Dialog & Alertdialog Require Accessible Name","0","0.00%","1444",""
"ARIA Input Fields Require Accessible Name","0","0.00%","1444",""
"ARIA Meter Nodes Require Accessible Name","0","0.00%","1444",""
"ARIA Progressbar Nodes Require Accessible Name","0","0.00%","1444",""
"ARIA Role Should Be Appropriate For Element","0","0.00%","1444",""
"ARIA Roles Must Be Contained By Required Parent","0","0.00%","1444",""
"ARIA Roles Require Valid Values","0","0.00%","1444",""
"ARIA Toggle Fields Require Accessible Name","0","0.00%","1444",""
"ARIA Tooltip Nodes Require Accessible Name","0","0.00%","1444",""
"ARIA Treeitem Nodes Require Accessible Name","0","0.00%","1444",""
"Certain ARIA Roles Must Contain Specific Children","0","0.00%","1444",""
"Deprecated ARIA Roles Must Not Be Used","0","0.00%","1444",""
"Aria-braille Require Non-braille Equivalent","0","0.00%","1444",""
"Aria-hidden Elements Contains Focusable Elements","0","0.00%","1444",""
"Aria-hidden=true Must Not Be Used In <body>","0","0.00%","1444",""
"Elements Must Only Use Permitted ARIA Attributes","0","0.00%","1444",""
"Elements Must Use Allowed ARIA Attributes","0","0.00%","1444",""
"IDs Used In ARIA & Labels Must Be Unique","0","0.00%","1444",""
"Page Requires Means To Bypass Repeated Blocks","0","0.00%","1444",""
"All Page Content Must Be Contained By Landmarks","0","0.00%","1444",""
"Page Requires One Main Landmark","0","0.00%","1444",""
"Page Must Not Have More Than One Banner Landmark","0","0.00%","1444",""
"Banner Landmark Must Not Be In Another Landmark","0","0.00%","1444",""
"Page Must Not Have Multiple Contentinfo Landmarks","0","0.00%","1444",""
"Page Requires At Most One Main Landmark","0","0.00%","1444",""
"Complementary Landmarks & Asides Must Be Top Level","0","0.00%","1444",""
"Contentinfo Landmark Must Be Top Level Landmark","0","0.00%","1444",""
"Main Landmark Must Not Be In Another Landmark","0","0.00%","1444",""
"Landmarks Require Unique Role Or Accessible Name","0","0.00%","1444",""
"Form Field Must Not Have Multiple Label Elements","0","0.00%","1444",""
"Form <input> Elements Require Labels","0","0.00%","1444",""
"Form Elements Should Have Visible Label","0","0.00%","1444",""
"Autocomplete Attribute Must Be Used Correctly","0","0.00%","1444",""
"Frames Require Title Attribute","0","0.00%","1444",""
"Frames Require Unique Title Attribute","0","0.00%","1444",""
"Frames Should Be Tested With axe-core","0","0.00%","1444",""
"Frames With Focusable Content Must Not Use tabindex=-1","0","0.00%","1444",""
"Page Must Contain <title>","0","0.00%","1444",""
"Page Must Contain <h1>","0","0.00%","1444",""
"Heading Levels Should Only Increase By One","0","0.00%","1444",""
"Headings Should Not Be Empty","0","0.00%","1444",""
"Meta Viewport Should Allow Zoom & Scale Up to 500%","0","0.00%","1444",""
"Meta Viewport Zoom & Scaling Disabled","0","0.00%","1444",""
"HTML Element Lang Attribute Value Must Be Valid","0","0.00%","1444",""
"HTML Element Requires Lang Attribute","0","0.00%","1444",""
"HTML Lang & XML Lang Value Should Match","0","0.00%","1444",""
"Lang Attribute Requires Valid Value","0","0.00%","1444",""
"Delayed Meta Refresh Must Not Be Used","0","0.00%","1444",""
"Timed Meta Refresh Must Not Exist","0","0.00%","1444",""
"Image Button Requires Alternate Text","0","0.00%","1444",""
"Images Require Alternate Text","0","0.00%","1444",""
"<object> Elements Require Alternate Text","0","0.00%","1444",""
"Active <area> Elements Require Alternate Text","0","0.00%","1444",""
"Alt Text Should Not Be Repeated As Text","0","0.00%","1444",""
"Elements Marked role=img Require Alternate Text","0","0.00%","1444",""
"SVG Images & Graphics Require Accessible Text","0","0.00%","1444",""
"Server-Side Image Maps Must Not Be Used","0","0.00%","1444",""
"<video> Elements Require <track> For Captions","0","0.00%","1444",""
"<video> or <audio> Elements Must Not Auto-play","0","0.00%","1444",""
"Buttons Require Discernible Text","0","0.00%","1444",""
"Input Buttons Require Discernible Text","0","0.00%","1444",""
"Inline Text Spacing Must Be Adjustable","0","0.00%","1444",""
"Links Must Be Distinguishable","0","0.00%","1444",""
"Links Require Discernible Text","0","0.00%","1444",""
"Links With Same Accessible Name","0","0.00%","1444",""
"Select Element Requires Accessible Name","0","0.00%","1444",""
"Summary Elements Require Discernible Text","0","0.00%","1444",""
"Deprecated <marquee> Element Must Not Be Used","0","0.00%","1444",""
"<blink> Elements Deprecated & Must Not Be Used","0","0.00%","1444",""
"Text Requires Higher Color Contrast Ratio","0","0.00%","1444",""
"Text Requires Higher Color Contrast to Background","0","0.00%","1444",""
"Touch Targets Require Sufficient Size & Spacing","0","0.00%","1444",""
"Interactive Controls Must Not Be Nested","0","0.00%","1444",""
"List Items Must Be Contained In List Elements","0","0.00%","1444",""
"Lists Must Only Contain <li> Content Elements","0","0.00%","1444",""
"<dl> Must Only Have Ordered <dt> & <dd> Groups","0","0.00%","1444",""
"<dt> & <dd> Elements Must Be Contained by <dl>","0","0.00%","1444",""
"<th> Element Requires Associated Data Cells","0","0.00%","1444",""
"Table Header Attr Must Refer To Cell In Same Table","0","0.00%","1444",""
"Table Headers Require Discernible Text","0","0.00%","1444",""
"Table With Identical Summary & Caption Text","0","0.00%","1444",""
"Scope Attribute Should Be Used Correctly On Tables","0","0.00%","1444",""
""
"Custom Search"
"All","1444","100.00%","1444","Internal HTML pages with 2xx response"
""
"Custom Extraction"
"All","1444","100.00%","1444","Internal HTML pages with 2xx response"
""
"Custom JavaScript"
"All","1474","100.00%","1474","Internal HTML pages with 2xx response"
""
"Analytics"
"All","1478","100.00%","1478","Internal URLs with associated Google Analytics data"
"Sessions Above 0","0","0.00%","1478","Internal URLs with associated Google Analytics data"
"Bounce Rate Above 70%","0","0.00%","1478","Internal URLs with associated Google Analytics data"
"No GA Data","0","0.00%","1478","Internal URLs with associated Google Analytics data"
"Non-Indexable with GA Data","0","0.00%","1478","Internal URLs with associated Google Analytics data"
"Orphan URLs","0","0.00%","1478","Internal URLs with associated Google Analytics data"
""
"Search Console"
"All","1478","100.00%","1478","Internal URLs with associated Google Search Console data"
"Clicks Above 0","0","0.00%","1478","Internal URLs with associated Google Search Console data"
"No Search Analytics Data","0","0.00%","1478","Internal URLs with associated Google Search Console data"
"Non-Indexable with Search Analytics Data","0","0.00%","1478","Internal URLs with associated Google Search Console data"
"Orphan URLs","0","0.00%","1478","Internal URLs with associated Google Search Console data"
"URL is Not on Google","0","0.00%","1478","Internal URLs with associated Google Search Console data"
"Indexable URL Not Indexed","0","0.00%","1478","Internal URLs with associated Google Search Console data"
"URL is on Google But Has Issues","0","0.00%","1478","Internal URLs with associated Google Search Console data"
"User-Declared Canonical Not Selected","0","0.00%","1478","Internal URLs with associated Google Search Console data"
"Page is Not Mobile Friendly","0","0.00%","1478","Internal URLs with associated Google Search Console data"
"AMP URL Invalid","0","0.00%","1478","Internal URLs with associated Google Search Console data"
"Rich Result Invalid","0","0.00%","1478","Internal URLs with associated Google Search Console data"
""
"Validation"
"All","1508","100.00%","1508","Internal URLs with 2xx response"
"Invalid HTML Elements in <head>","0","0.00%","1508","Internal URLs with 2xx response"
"<body> Element Preceding <html>","0","0.00%","1508","Internal URLs with 2xx response"
"<head> Not First In <html> Element","0","0.00%","1508","Internal URLs with 2xx response"
"Missing <head> Tag","0","0.00%","1508","Internal URLs with 2xx response"
"Multiple <head> Tags","0","0.00%","1508","Internal URLs with 2xx response"
"Missing <body> Tag","0","0.00%","1508","Internal URLs with 2xx response"
"Multiple <body> Tags","0","0.00%","1508","Internal URLs with 2xx response"
"HTML Document Over 2MB","42","2.79%","1508","Internal URLs with 2xx response"
"Resource Over 2MB","0","0.00%","1508","Internal URLs with 2xx response"
"High Carbon Rating","0","0.00%","1508","Internal URLs with 2xx response"
""
"Link Metrics"
"All","1478","100.00%","1478","Internal HTML/PDF pages"
""
"AI"
"All","1474","100.00%","1474","Internal HTML URLs with 2xx response"
""
""
"Depth (Clicks from Start URL)"
"0","1","0.07%","1444","Internal HTML pages with 2xx response"
"1","51","3.53%","1444","Internal HTML pages with 2xx response"
"2","685","47.44%","1444","Internal HTML pages with 2xx response"
"3","639","44.25%","1444","Internal HTML pages with 2xx response"
"4","62","4.29%","1444","Internal HTML pages with 2xx response"
"5","6","0.42%","1444","Internal HTML pages with 2xx response"
"6","0","0.00%","1444","Internal HTML pages with 2xx response"
"7","0","0.00%","1444","Internal HTML pages with 2xx response"
"8","0","0.00%","1444","Internal HTML pages with 2xx response"
"9","0","0.00%","1444","Internal HTML pages with 2xx response"
"10+","0","0.00%","1444","Internal HTML pages with 2xx response"
""
"Inlinks (Top 20 URLs)"
"https://vacationdeals.to/privacy","1444","100.00%","1444","Internal HTML pages with 2xx response"
"https://vacationdeals.to/timeshare-laws","1444","100.00%","1444","Internal HTML pages with 2xx response"
"https://vacationdeals.to/cancun","1444","100.00%","1444","Internal HTML pages with 2xx response"
"https://vacationdeals.to/myrtle-beach","1444","100.00%","1444","Internal HTML pages with 2xx response"
"https://vacationdeals.to/deals","1444","100.00%","1444","Internal HTML pages with 2xx response"
"https://vacationdeals.to/rate-recap","1444","100.00%","1444","Internal HTML pages with 2xx response"
"https://vacationdeals.to/gatlinburg","1444","100.00%","1444","Internal HTML pages with 2xx response"
"https://vacationdeals.to/bookvip","1444","100.00%","1444","Internal HTML pages with 2xx response"
"https://vacationdeals.to/blog","1444","100.00%","1444","Internal HTML pages with 2xx response"
"https://vacationdeals.to/about","1444","100.00%","1444","Internal HTML pages with 2xx response"
"https://vacationdeals.to/","1444","100.00%","1444","Internal HTML pages with 2xx response"
"https://vacationdeals.to/vacpack-games","1444","100.00%","1444","Internal HTML pages with 2xx response"
"https://vacationdeals.to/terms","1444","100.00%","1444","Internal HTML pages with 2xx response"
"https://vacationdeals.to/westgate","1444","100.00%","1444","Internal HTML pages with 2xx response"
"https://vacationdeals.to/orlando","1444","100.00%","1444","Internal HTML pages with 2xx response"
"https://vacationdeals.to/las-vegas","1444","100.00%","1444","Internal HTML pages with 2xx response"
"https://vacationdeals.to/wyndham","1444","100.00%","1444","Internal HTML pages with 2xx response"
"https://vacationdeals.to/destinations","1444","100.00%","1444","Internal HTML pages with 2xx response"
"https://vacationdeals.to/brands","1444","100.00%","1444","Internal HTML pages with 2xx response"
"https://vacationdeals.to/marriott","1444","100.00%","1444","Internal HTML pages with 2xx response"
""
"Response Time (Seconds)","URLs","% of Total"
"1","1427","94.63%"
"2","64","4.24%"
"3","17","1.13%"
